{
    "status": "success",
    "message": "",
    "errorCode": "",
    "result": true,
    "resultInfo": [
        {"id": "13168691387","toUserId":"13631219446","message": "周末，大热天的，出来星巴克写代码","time": "7月7日 晚上21:12","status":"已读"},
        {"id": "13631219446","toUserId":"13168691387","message": "不知道是哪来的勇气","time": "","status":"已读"},
        {"id": "13168691387","toUserId":"13631219446","message": "好像有点聊不下去了","time": "","status":"已读"},
        {"id": "13631219446","toUserId":"13168691387","message": "想去欢乐谷，但是找不到人一起去。","time": "7月7日 晚上21:13","status":"已读"},
        {"id": "13168691387","toUserId":"13631219446","message": "今天你都干了什么？","time": "","status":"已读"},
        {"id": "13168691387","toUserId":"13631219446","message": "周末，大热天的，出来星巴克写代码","time": "","status":"已读"},
        {"id": "13631219446","toUserId":"13168691387","message": "不知道是哪来的勇气","time": "7月7日 晚上21:32","status":"已读"},
        {"id": "13168691387","toUserId":"13631219446","message": "好像有点聊不下去了","time": "","status":"已读"},
        {"id": "13631219446","toUserId":"13168691387","message": "想去欢乐谷，但是找不到人一起去。","time": "","status":"已读"},
        {"id": "13168691387","toUserId":"13631219446","message": "今天你都干了什么？","time": "7月7日 晚上22:12","status":"未读"}
    ]
}
