{
  "status": "success",
  "message": "",
  "errorCode": "",
  "resultInfo": [
    {
      "subject": "语文",
      "detailInfo": [
        {
          "time": "1-31",
          "score": 90
        },
        {
          "time": "2-26",
          "score": 105
        },
        {
          "time": "3-25",
          "score": 120
        },
        {
          "time": "4-30",
          "score": 117
        },
        {
          "time": "5-25",
          "score": 128
        },
        {
          "time": "6-28",
          "score": 130
        }
      ]
    },
    {
      "subject": "数学",
      "detailInfo": [
        {
          "time": "1-31",
          "score": 90
        },
        {
          "time": "2-26",
          "score": 105
        },
        {
          "time": "3-25",
          "score": 120
        },
        {
          "time": "4-30",
          "score": 117
        },
        {
          "time": "5-25",
          "score": 128
        },
        {
          "time": "6-28",
          "score": 130
        }
      ]
    }
  ]
}

