{
  "status": "success",
  "message": "",
  "errorCode": "",
  "result": true,
  "resultInfo": [
      {"id": "","pic": "../assets/imgs/jay.jpg","author":"../assets/imgs/jay.jpg","name": "Jay","votes": 1230},
      {"id": "","pic": "../assets/imgs/zhou.jpeg","author":"../assets/imgs/zhou.jpeg","name": "周杰伦周杰伦周杰伦周杰伦","votes":1208},
      {"id": "","pic": "../assets/imgs/zard.jpg","author":"../assets/imgs/zard.jpg","name": "Zard","votes": 1130},
      {"id": "","pic": "../assets/imgs/banjing.jpg","author":"../assets/imgs/banjing.jpg","name": "板井","votes": 1100},
      {"id": "","pic": "../assets/imgs/quanshui.jpg","author":"../assets/imgs/quanshui.jpg","name": "泉水","votes": 1030},
      {"id": "","pic": "../assets/imgs/jay.jpg","author":"../assets/imgs/jay.jpg","name": "Jay","votes": 1007},
      {"id": "","pic": "../assets/imgs/zhou.jpeg","author":"../assets/imgs/zhou.jpeg","name": "周杰伦","votes": 1001},
      {"id": "","pic": "../assets/imgs/zard.jpg","author":"../assets/imgs/zard.jpg","name": "Zard","votes": 930},
      {"id": "","pic": "../assets/imgs/banjing.jpg","author":"../assets/imgs/banjing.jpg","name": "板井","votes": 630},
      {"id": "","pic": "../assets/imgs/quanshui.jpg","author":"../assets/imgs/quanshui.jpg","name": "泉水","votes": 623}
  ]
}